14,54,19,748258,Finger TPS startRecording, 349345777, PPSTime, 6472
14,55,13,899833,Finger TPS startRecording, 349399929, PPSTime, 5796
14,58,48,768606,Finger TPS startRecording, 349614797, PPSTime, 6112
15,00,26,155446,Finger TPS startRecording, 349712184, PPSTime, 5960
15,06,44,455027,Finger TPS startRecording, 350090484, PPSTime, 6281
15,07,17,857329,Finger TPS startRecording, 350123886, PPSTime, 5914
15,12,29,454179,Finger TPS startRecording, 350435483, PPSTime, 5944
15,13,10,158703,Finger TPS startRecording, 350476187, PPSTime, 6410
15,14,45,714689,Finger TPS startRecording, 350571743, PPSTime, 6326
15,17,42,507782,Finger TPS startRecording, 350748536, PPSTime, 6045
15,23,10,363775,Finger TPS startRecording, 351076392, PPSTime, 6630
15,25,36,658752,Finger TPS startRecording, 351222687, PPSTime, 6856
15,27,14,333194,Finger TPS startRecording, 351320362, PPSTime, 6354
15,29,15,451127,Finger TPS startRecording, 351441480, PPSTime, 6242
15,35,14,574360,Finger TPS startRecording, 351800603, PPSTime, 6113
15,40,48,454193,Finger TPS startRecording, 352134483, PPSTime, 6082
16,41,08,569416,Finger TPS startRecording, 442154649, PPSTime, 5770
15,42,39,124726,Finger TPS startRecording, 525046799, PPSTime, 7099
15,43,19,413921,app start, 0
15,43,23,923295,Starting Participant 80
15,43,23,924463,finger tps start, 4510
15,43,23,933373,digitacts start, 4519
15,44,59,562656,app start, 0
15,45,04,528522,Starting Participant 81
15,45,04,529982,finger tps start, 4967
15,45,04,537854,digitacts start, 4975
15,53,26,083993,app start, 0
15,53,31,354623,Starting Participant 82
15,53,31,355973,finger tps start, 5272
15,53,31,364594,digitacts start, 5280
15,55,04,264015,app start, 0
15,55,07,328993,Starting Participant 82
15,55,07,329909,finger tps start, 3066
15,55,07,335493,digitacts start, 3071
15,55,11,123315,Using FingerTPS 2
15,55,16,998564,Using FingerTPS 2Finger TPS startRecording, 12734, PPSTime, 9638
15,57,22,173544,app start, 0
15,57,25,474320,Starting Participant 80
15,57,25,475495,finger tps start, 3302
15,57,25,481470,digitacts start, 3308
15,57,31,405461,Using FingerTPS 2
15,57,37,381008,Using FingerTPS 2Finger TPS startRecording, 15207, PPSTime, 11977
16,00,06,295899,app start, 0
16,00,10,461541,Starting Participant 70
16,00,10,463065,finger tps start, 4168
16,00,10,473464,digitacts start, 4178
16,00,17,413294,Using FingerTPS 2
10,15,17,399268,app start, 0
10,15,20,244262,Starting Participant 2
10,15,20,244778,finger tps start, 2845
10,15,20,253622,digitacts start, 2854
10,15,24,212360,Using FingerTPS 2
10,15,30,171612,Using FingerTPS 2Finger TPS startRecording, 12772, PPSTime, 9981
10,23,34,094579,app start, 0
10,23,36,384318,Starting Participant 2
10,23,36,385068,finger tps start, 2290
10,23,36,391579,digitacts start, 2297
10,23,40,953068,Using FingerTPS 2
10,23,47,246250,Using FingerTPS 2Finger TPS startRecording, 13152, PPSTime, 10886
10,27,33,451927,app start, 0
10,27,34,872605,Starting Participant 23
10,27,34,873809,finger tps start, 1422
10,27,34,883483,digitacts start, 1431
10,27,36,748727,Using FingerTPS 2
10,27,42,920103,Using FingerTPS 2Finger TPS startRecording, 9468, PPSTime, 8098
15,41,11,764377,app start, 0
15,41,14,399092,Starting folder 789
15,41,20,054692,Starting Participant 34
15,41,20,055942,finger tps start, 8291
15,41,20,063375,digitacts start, 8299
15,41,23,486489,Using FingerTPS 2
15,43,37,859118,app start, 0
15,43,40,164481,Starting folder 235
15,43,51,191901,Starting Participant 23
15,43,51,193085,finger tps start, 13334
15,43,51,200219,digitacts start, 13341
15,43,53,412236,Using FingerTPS 2
15,43,59,532290,Using FingerTPS 2Finger TPS startRecording, 21673, PPSTime, 8338
16,09,40,609618,app start, 0
16,09,42,864490,Starting folder 190
16,09,43,520700,Starting Participant 1
16,09,43,521582,finger tps start, 2912
16,09,43,528921,digitacts start, 2919
16,09,45,016408,Using FingerTPS 2
16,09,50,980558,Using FingerTPS 2Finger TPS startRecording, 10371, PPSTime, 7526
16,23,12,867101,app start, 0
16,23,14,043470,Starting folder 80
16,23,15,546970,Starting Participant 1
16,23,15,548022,finger tps start, 2681
16,23,15,556071,digitacts start, 2689
16,23,17,226128,Using FingerTPS 2
16,23,23,294798,Using FingerTPS 2Finger TPS startRecording, 10428, PPSTime, 7816
17,03,57,573693,app start, 0
17,03,59,981060,Starting folder 1
17,04,01,194687,Starting Participant 1
17,04,01,195985,finger tps start, 3622
17,04,01,202069,digitacts start, 3629
17,04,02,988081,Using FingerTPS 2
17,04,09,005713,Using FingerTPS 2Finger TPS startRecording, 11432, PPSTime, 7829
17,05,45,086320,app start, 0
17,05,46,419247,Starting folder 1
17,05,47,608363,Starting Participant 1
17,05,47,609523,finger tps start, 2523
17,05,47,615799,digitacts start, 2529
17,05,49,135716,Using FingerTPS 2
17,05,55,425161,Using FingerTPS 2Finger TPS startRecording, 10339, PPSTime, 7796
17,08,38,186966,app start, 0
17,08,39,959202,Starting folder 1
17,08,41,299475,Starting Participant 1
17,08,41,301037,finger tps start, 3114
17,08,41,309216,digitacts start, 3122
17,08,42,438412,Using FingerTPS 2
17,08,48,586189,Using FingerTPS 2Finger TPS startRecording, 10399, PPSTime, 7269
17,11,02,981271,app start, 0
17,11,05,721529,Starting folder 1
17,11,06,795072,Starting Participant 1
17,11,06,796375,finger tps start, 3815
17,11,06,803794,digitacts start, 3822
17,11,08,639219,Using FingerTPS 2
17,11,14,668341,Using FingerTPS 2Finger TPS startRecording, 11687, PPSTime, 7912
17,14,04,351012,app start, 0
17,14,07,266445,Starting folder 1
17,14,08,445278,Starting Participant 1
17,14,08,446321,finger tps start, 4095
17,14,08,453290,digitacts start, 4102
17,14,09,892692,Using FingerTPS 2
10,40,02,158502,app start, 0
10,40,04,430892,Starting folder 1
10,40,05,439772,Starting Participant 1
10,40,05,441037,finger tps start, 3283
10,40,05,504504,digitacts start, 3346
10,40,08,416677,Using FingerTPS 2
10,40,17,695126,Using FingerTPS 2Finger TPS startRecording, 15537, PPSTime, 12260
10,41,46,927629,app start, 0
10,41,48,537869,Starting folder 1
10,41,48,893857,Starting Participant 1
10,41,48,895350,finger tps start, 1968
10,41,48,907003,digitacts start, 1979
10,41,57,818679,Using FingerTPS 2
10,42,03,718810,Using FingerTPS 2Finger TPS startRecording, 16791, PPSTime, 14834
10,43,34,147319,app start, 0
10,43,35,490456,Starting folder 1
10,43,36,268370,Starting Participant 1
10,43,36,269677,finger tps start, 2122
10,43,36,281772,digitacts start, 2134
10,43,37,820244,Using FingerTPS 2
10,43,43,951375,Using FingerTPS 2Finger TPS startRecording, 9804, PPSTime, 7674
11,13,43,378491,app start, 0
11,13,44,815956,Starting folder 2
11,13,46,075155,Starting Participant 2
11,13,46,076563,finger tps start, 2698
11,13,46,088042,digitacts start, 2710
11,13,47,386905,Using FingerTPS 2
11,13,53,726445,Using FingerTPS 2Finger TPS startRecording, 10348, PPSTime, 7678
11,25,06,411340,app start, 0
11,25,07,443174,Starting folder 3
11,25,07,773524,Starting Participant 3
11,25,07,776144,finger tps start, 1365
11,25,07,789716,digitacts start, 1379
11,25,08,597197,Using FingerTPS 2
11,25,14,798648,Using FingerTPS 2Finger TPS startRecording, 8388, PPSTime, 6999
11,41,45,609652,app start, 0
11,41,47,611758,Starting folder 4
11,41,48,123897,Starting Participant 4
11,41,48,125203,finger tps start, 2515
11,41,48,131720,digitacts start, 2522
11,41,53,850210,Using FingerTPS 2
11,42,00,228901,Using FingerTPS 2Finger TPS startRecording, 14619, PPSTime, 12135
12,09,50,886501,app start, 0
12,09,52,561357,Starting folder 5
12,09,53,194129,Starting Participant 5
12,09,53,196570,finger tps start, 2310
12,09,53,228986,digitacts start, 2343
12,09,54,945755,Using FingerTPS 2
12,10,01,263495,Using FingerTPS 2Finger TPS startRecording, 10377, PPSTime, 8098
14,04,51,486979,app start, 0
14,04,53,596396,Starting folder 6
14,04,54,774581,Starting Participant 6
14,04,54,776302,finger tps start, 3290
14,04,54,783346,digitacts start, 3297
14,04,56,833502,Using FingerTPS 2
14,05,03,222167,Using FingerTPS 2Finger TPS startRecording, 11736, PPSTime, 8495
14,36,28,337981,app start, 0
14,36,29,007088,Starting folder 7
14,36,29,363894,Starting Participant 7
14,36,29,366160,finger tps start, 1028
14,36,29,380473,digitacts start, 1043
14,36,32,014295,Using FingerTPS 2
14,36,38,163469,Using FingerTPS 2Finger TPS startRecording, 9826, PPSTime, 8784
14,41,47,123046,app start, 0
14,41,48,470373,Starting folder 8
14,41,49,758233,Starting Participant 8
14,41,49,759132,finger tps start, 2636
14,41,49,765910,digitacts start, 2643
14,41,51,543702,Using FingerTPS 2
14,41,57,827776,Using FingerTPS 2Finger TPS startRecording, 10705, PPSTime, 8138
15,11,40,473629,app start, 0
15,11,42,526071,Starting folder 87
15,11,43,453053,Starting Participant 87
15,11,43,458774,finger tps start, 2986
15,11,43,489705,digitacts start, 3017
15,11,45,142558,Using FingerTPS 2
15,12,27,809071,app start, 0
15,12,29,983406,Starting folder 88
15,12,31,116453,Starting Participant 88
15,12,31,117385,finger tps start, 3309
15,12,31,125039,digitacts start, 3317
15,12,32,386130,Using FingerTPS 2
15,12,38,569854,Using FingerTPS 2Finger TPS startRecording, 10761, PPSTime, 7433
14,17,59,578719,app start, 0
14,18,05,611415,Starting folder 240522
14,18,09,959432,Starting Participant 1
14,18,11,903595,Starting run1
14,18,11,904499,finger tps start, 12326
14,18,17,563572,Using FingerTPS 2
14,18,23,705757,Using FingerTPS 2Finger TPS startRecording, 24127, PPSTime, 11823
15,28,57,255024,app start, 0
15,29,47,183118,Starting folder 240
15,29,47,186679,Starting Participant 0
15,29,47,190938,Starting run0
15,29,47,193973,finger tps start, 49940
15,29,47,402066,Using FingerTPS Ì
15,32,00,307911,app start, 0
15,32,15,203436,Starting folder 0
15,32,15,215481,Starting Participant 0
15,32,15,220749,Starting run0
15,32,15,223060,finger tps start, 14916
15,32,15,265838,Using FingerTPS Ì
15,34,37,564978,app start, 0
15,34,44,561210,Starting folder 24522
15,34,46,188839,Starting Participant 2
15,34,47,537884,Starting run1
15,34,47,538902,finger tps start, 9975
15,34,51,956052,Using FingerTPS 2
15,35,00,024771,Using FingerTPS 2Finger TPS startRecording, 22459, PPSTime, 12503
15,41,02,004516,app start, 0
15,41,05,088659,Starting folder 240522
15,41,06,805246,Starting Participant 2
15,41,08,171616,Starting run1
15,41,08,174990,finger tps start, 6171
15,41,11,179235,Using FingerTPS 2
15,41,17,572918,Using FingerTPS 2Finger TPS startRecording, 15569, PPSTime, 9370
15,43,54,461163,app start, 0
15,44,01,415323,Starting folder 240522
15,44,02,813285,Starting Participant 3
15,44,04,678043,Starting run1
15,44,04,679433,finger tps start, 10219
15,44,06,042155,Using FingerTPS 2
15,44,12,643026,Using FingerTPS 2Finger TPS startRecording, 18182, PPSTime, 7960
15,46,52,532484,app start, 0
15,46,56,811657,Starting folder 240522
15,46,58,919173,Starting Participant 5
15,47,00,827345,Starting run1
15,47,00,829846,finger tps start, 8299
15,47,02,202874,Using FingerTPS 2
15,47,08,544809,Using FingerTPS 2Finger TPS startRecording, 16014, PPSTime, 7689
15,56,45,854840,app start, 0
15,56,50,679377,Starting folder 240522
15,56,52,848154,Starting Participant 6
15,56,54,570498,Starting run1
15,56,54,573112,finger tps start, 8721
15,56,56,053487,Using FingerTPS 2
15,57,02,079066,Using FingerTPS 2Finger TPS startRecording, 16226, PPSTime, 7471
16,04,58,954516,app start, 0
16,05,02,764812,Starting folder 240522
16,05,04,015789,Starting Participant 8
16,05,04,492067,Starting run1
16,05,04,493819,finger tps start, 5540
16,05,05,615179,Using FingerTPS 2
16,05,11,722593,Using FingerTPS 2Finger TPS startRecording, 12769, PPSTime, 7303
16,06,18,273129,app start, 0
16,06,21,780271,Starting folder 240522
16,06,22,660686,Starting Participant 8
16,06,23,663832,Starting run1
16,06,23,665404,finger tps start, 5393
16,06,25,032679,Using FingerTPS 2
16,09,22,002804,app start, 0
16,09,25,810152,Starting folder 240522
16,09,27,046151,Starting Participant 7
16,09,27,659875,Starting run1
16,09,27,661796,finger tps start, 5660
16,09,29,163884,Using FingerTPS 2
16,09,35,499667,Using FingerTPS 2Finger TPS startRecording, 13498, PPSTime, 7845
16,12,05,014665,app start, 0
16,12,09,693666,Starting folder 240522
16,12,12,462245,Starting Participant 1
16,12,13,673390,Starting run1
16,12,13,675103,finger tps start, 8662
16,12,15,324672,Using FingerTPS 2
16,12,21,487901,Using FingerTPS 2Finger TPS startRecording, 16475, PPSTime, 7853
17,07,21,415235,app start, 0
17,07,24,004363,Starting folder 240522
17,07,26,156573,Starting Participant 1
17,07,27,181506,Starting run2
17,07,27,182674,finger tps start, 5769
17,07,28,560149,Using FingerTPS 2
17,07,34,768092,Using FingerTPS 2Finger TPS startRecording, 13355, PPSTime, 7613
17,15,45,879140,app start, 0
17,15,49,842246,Starting folder 240522
17,15,52,282148,Starting Participant 1
17,15,53,308114,Starting run3
17,15,53,310220,finger tps start, 7432
17,15,54,649791,Using FingerTPS 2
17,16,01,199162,Using FingerTPS 2Finger TPS startRecording, 15321, PPSTime, 7864
17,17,27,637229,app start, 0
17,17,30,526521,Starting folder 240522
17,17,32,669205,Starting Participant 1
17,17,33,633500,Starting run3
17,17,33,636551,finger tps start, 6000
17,17,35,440762,Using FingerTPS 2
17,17,41,793647,Using FingerTPS 2Finger TPS startRecording, 14157, PPSTime, 8179
17,19,09,865764,app start, 0
17,19,13,596478,Starting folder 240522
17,19,15,686101,Starting Participant 1
17,19,16,882467,Starting run3
17,19,16,884599,finger tps start, 7020
17,19,18,397020,Using FingerTPS 2
17,19,24,560341,Using FingerTPS 2Finger TPS startRecording, 14695, PPSTime, 7693
17,23,01,649301,app start, 0
17,23,05,840040,Starting folder 240522
17,23,08,525364,Starting Participant 1
17,23,09,555532,Starting run3
17,23,09,558290,finger tps start, 7910
17,23,10,713119,Using FingerTPS 2
17,23,17,077402,Using FingerTPS 2Finger TPS startRecording, 15427, PPSTime, 7521
11,42,52,334820,app start, 0
11,42,56,459938,Starting folder 250522
11,42,59,885950,Starting Participant 1
11,43,01,255426,Starting run1
11,43,01,267969,finger tps start, 8936
11,43,04,889931,Using FingerTPS 2
11,43,18,163311,Using FingerTPS 2Finger TPS startRecording, 25832, PPSTime, 16290
11,48,45,249918,app start, 0
11,48,51,427163,Starting folder 250522
11,48,54,388059,Starting Participant 1
11,48,55,992873,Starting run2
11,48,55,994692,finger tps start, 10746
11,48,58,027424,Using FingerTPS 2
11,49,07,431795,Using FingerTPS 2Finger TPS startRecording, 22181, PPSTime, 11311
11,54,57,921586,app start, 0
11,55,02,693984,Starting folder 250522
11,55,08,129618,Starting Participant 1
11,55,11,016998,Starting run3
11,55,11,208712,finger tps start, 13289
11,55,19,002668,Using FingerTPS 2
11,55,27,311021,Using FingerTPS 2Finger TPS startRecording, 29391, PPSTime, 15853
12,01,19,062275,app start, 0
12,01,22,227420,Starting folder 250522
12,01,23,871651,Starting Participant 1
12,01,26,833781,Starting run4
12,01,26,895212,finger tps start, 7835
12,01,29,869339,Using FingerTPS 2
12,01,44,327113,Using FingerTPS 2Finger TPS startRecording, 25267, PPSTime, 16661
12,04,51,349028,app start, 0
12,04,53,778652,Starting folder 250522
12,04,54,910428,Starting Participant 1
12,04,56,094981,Starting run5
12,04,56,098837,finger tps start, 4751
12,04,57,372877,Using FingerTPS 2
12,05,04,316252,Using FingerTPS 2Finger TPS startRecording, 12968, PPSTime, 8197
12,14,36,126996,app start, 0
12,14,39,375206,Starting folder 250522
12,14,40,616232,Starting Participant 1
12,14,42,227419,Starting run6
12,14,42,230307,finger tps start, 6104
12,14,43,609354,Using FingerTPS 2
12,14,49,748196,Using FingerTPS 2Finger TPS startRecording, 13622, PPSTime, 7524
16,04,55,762354,app start, 0
16,04,59,463297,Starting folder 300522
16,05,01,462611,Starting Participant 1
16,05,02,222000,Starting run1
16,05,02,224009,finger tps start, 6468
16,05,05,830961,Using FingerTPS 2
16,05,15,483657,Using FingerTPS 2Finger TPS startRecording, 19727, PPSTime, 12995
16,11,59,533427,app start, 0
16,12,03,534149,Starting folder 300522
16,12,05,671710,Starting Participant 1
16,12,06,550659,Starting run2
16,12,06,552893,finger tps start, 7020
16,12,07,856899,Using FingerTPS 2
16,12,14,187803,Using FingerTPS 2Finger TPS startRecording, 14655, PPSTime, 7692
16,38,14,457464,app start, 0
16,38,17,314655,Starting folder 300522
16,38,19,052073,Starting Participant 1
16,38,19,790490,Starting run5
16,38,19,793221,finger tps start, 5337
16,38,21,202226,Using FingerTPS 2
16,38,27,549170,Using FingerTPS 2Finger TPS startRecording, 13093, PPSTime, 7736
15,37,26,304019,app start, 0
15,37,30,145502,Starting folder 310522
15,37,32,384730,Starting Participant 1
15,37,33,535286,Starting run1
15,37,33,546556,finger tps start, 7244
15,37,35,737590,Using FingerTPS 2
15,37,45,677664,Using FingerTPS 2Finger TPS startRecording, 19376, PPSTime, 11821
15,41,30,369109,app start, 0
15,41,33,736507,Starting folder 310522
15,41,36,556752,Starting Participant 1
15,41,37,443818,Starting run2
15,41,37,445622,finger tps start, 7078
15,41,39,221451,Using FingerTPS 2
15,41,45,260908,Using FingerTPS 2Finger TPS startRecording, 14893, PPSTime, 7872
15,46,52,568020,app start, 0
15,47,00,574200,Starting folder 0
15,47,00,578858,Starting Participant 0
15,47,00,586578,Starting run0
15,47,00,588744,finger tps start, 8022
15,47,00,632771,Using FingerTPS Ì
15,50,02,640720,app start, 0
15,50,05,878046,Starting folder 310522
15,50,07,701166,Starting Participant 1
15,50,08,311163,Starting run3
15,50,08,313932,finger tps start, 5676
15,50,09,372084,Using FingerTPS 2
15,50,15,768714,Using FingerTPS 2Finger TPS startRecording, 13131, PPSTime, 7447
16,37,14,693468,app start, 0
16,37,20,540511,Starting folder 20622
16,37,21,777284,Starting Participant 1
16,37,22,357141,Starting run1
16,37,22,358095,finger tps start, 7665
16,37,23,357077,Using FingerTPS 2
16,37,29,322414,Using FingerTPS 2Finger TPS startRecording, 14630, PPSTime, 6986
16,38,45,608935,app start, 0
16,38,48,761732,Starting folder 20622
16,38,49,696342,Starting Participant 1
16,38,50,087729,Starting run2
16,38,50,088640,finger tps start, 4480
16,38,51,257359,Using FingerTPS 2
16,38,57,640947,Using FingerTPS 2Finger TPS startRecording, 12032, PPSTime, 7581
16,55,42,745384,app start, 0
16,55,46,113680,Starting folder 20622
16,55,47,403300,Starting Participant 1
16,55,48,200821,Starting run3
16,55,48,201564,finger tps start, 5456
16,55,49,311701,Using FingerTPS 2
16,55,55,386952,Using FingerTPS 2Finger TPS startRecording, 12642, PPSTime, 7249
17,03,06,946488,app start, 0
17,03,11,403757,Starting folder 20622
17,03,12,580782,Starting Participant 1
17,03,13,325489,Starting run4
17,03,13,326262,finger tps start, 6380
17,03,14,287800,Using FingerTPS 2
17,03,20,461822,Using FingerTPS 2Finger TPS startRecording, 13515, PPSTime, 7193
17,10,54,464122,app start, 0
17,10,57,802837,Starting folder 20622
17,10,58,525465,Starting Participant 1
17,10,59,024034,Starting run5
17,10,59,024697,finger tps start, 4560
17,10,59,654940,Using FingerTPS 2
17,11,05,858179,Using FingerTPS 2Finger TPS startRecording, 11394, PPSTime, 6816
17,31,11,368137,app start, 0
17,31,44,828055,Starting folder 20622
17,31,46,672517,Starting Participant 1
17,31,47,491727,Starting run6
17,31,47,492298,finger tps start, 36124
17,31,48,574901,Using FingerTPS 2
17,31,54,517815,Using FingerTPS 2Finger TPS startRecording, 43149, PPSTime, 7008
17,32,21,198385,app start, 0
17,32,40,649076,Starting folder 20622
17,32,41,371782,Starting Participant 1
17,32,41,854204,Starting run7
17,32,41,855049,finger tps start, 20657
17,32,42,795530,Using FingerTPS 2
17,32,49,229730,Using FingerTPS 2Finger TPS startRecording, 28031, PPSTime, 7433
17,33,24,078562,app start, 0
17,34,02,967349,Starting folder 20622
17,34,05,764235,Starting Participant 1
17,34,08,382429,Starting run6
17,34,08,382997,finger tps start, 44304
17,34,09,406130,Using FingerTPS 2
11,20,42,928870,app start, 0
11,20,45,329791,Starting folder 30622
11,20,46,062585,Starting Participant 1
11,20,46,966754,Starting run1
11,20,46,968713,finger tps start, 4041
11,20,48,293612,Using FingerTPS 2
11,20,54,642629,Using FingerTPS 2Finger TPS startRecording, 11714, PPSTime, 7680
11,32,12,880891,app start, 0
11,32,21,671114,Starting folder 30622
11,32,23,466125,Starting Participant 1
11,32,24,161370,Starting run2
11,32,24,166769,finger tps start, 11286
11,32,24,905070,Using FingerTPS 2
11,32,30,914656,Using FingerTPS 2Finger TPS startRecording, 18034, PPSTime, 6750
11,47,59,185824,app start, 0
11,48,01,837459,Starting folder 30622
11,48,02,984963,Starting Participant 1
11,48,03,477245,Starting run3
11,48,03,478970,finger tps start, 4294
11,48,05,258061,Using FingerTPS 2
11,48,11,794618,Using FingerTPS 2Finger TPS startRecording, 12610, PPSTime, 8329
12,36,33,463546,app start, 0
12,36,41,281329,Starting folder 30622
12,36,44,543746,Starting Participant 2
12,36,46,054926,Starting run1
12,36,46,055904,finger tps start, 12593
12,36,53,366649,Using FingerTPS 2
11,58,39,191154,app start, 0
11,58,42,983352,Starting folder 70622
11,58,44,449565,Starting Participant 1
11,58,45,155702,Starting run1
11,58,45,159778,finger tps start, 5969
11,58,46,218213,Using FingerTPS 2
11,58,55,268842,Using FingerTPS 2Finger TPS startRecording, 16078, PPSTime, 9979
13,42,58,343063,app start, 0
13,43,02,480138,Starting folder 70622
13,43,03,585441,Starting Participant 1
13,43,04,229788,Starting run1
13,43,04,230627,finger tps start, 5888
13,43,05,471325,Using FingerTPS 2
13,43,12,100456,Using FingerTPS 2Finger TPS startRecording, 13758, PPSTime, 7866
13,53,40,827326,app start, 0
13,53,43,470226,Starting folder 70622
13,53,45,287621,Starting Participant 1
13,53,46,046010,Starting run2
13,53,46,047598,finger tps start, 5221
13,53,47,207952,Using FingerTPS 2
13,53,53,276363,Using FingerTPS 2Finger TPS startRecording, 12450, PPSTime, 7217
14,02,17,299593,app start, 0
14,02,19,436225,Starting folder 70622
14,02,20,255250,Starting Participant 1
14,02,20,985529,Starting run3
14,02,20,986944,finger tps start, 3688
14,02,21,920633,Using FingerTPS 2
14,02,28,186709,Using FingerTPS 2Finger TPS startRecording, 10888, PPSTime, 7194
14,09,08,911318,app start, 0
14,09,11,829399,Starting folder 70622
14,09,13,288282,Starting Participant 1
14,09,14,094355,Starting run4
14,09,14,096146,finger tps start, 5186
14,09,15,144492,Using FingerTPS 2
14,09,21,650839,Using FingerTPS 2Finger TPS startRecording, 12741, PPSTime, 7588
14,13,43,033225,app start, 0
14,13,45,517216,Starting folder 70622
14,13,47,265727,Starting Participant 1
14,13,48,137320,Starting run5
14,13,48,138448,finger tps start, 5106
14,13,49,222571,Using FingerTPS 2
14,13,55,662296,Using FingerTPS 2Finger TPS startRecording, 12629, PPSTime, 7560
15,23,23,570003,app start, 0
15,23,26,490002,Starting folder 70622
15,23,29,045600,Starting Participant 2
15,23,30,347882,Starting run1
15,23,30,349177,finger tps start, 6780
15,23,31,648714,Using FingerTPS 2
15,23,38,028997,Using FingerTPS 2Finger TPS startRecording, 14459, PPSTime, 7632
15,35,41,745795,app start, 0
15,35,45,711514,Starting folder 70622
15,35,47,020453,Starting Participant 2
15,35,47,792817,Starting run2
15,35,47,794165,finger tps start, 6049
15,35,48,739828,Using FingerTPS 2
15,35,54,714048,Using FingerTPS 2Finger TPS startRecording, 12969, PPSTime, 6952
15,38,47,864655,app start, 0
15,38,52,998704,Starting folder 70622
15,38,53,748315,Starting Participant 2
15,38,55,577306,Starting run3
15,38,55,582452,finger tps start, 7719
15,38,56,856925,Using FingerTPS 2
15,39,03,149167,Using FingerTPS 2Finger TPS startRecording, 15285, PPSTime, 7589
15,46,15,641329,app start, 0
15,46,19,904851,Starting folder 70622
15,46,21,624579,Starting Participant 2
15,46,23,060196,Starting run4
15,46,23,062887,finger tps start, 7424
15,46,24,297708,Using FingerTPS 2
15,46,30,694090,Using FingerTPS 2Finger TPS startRecording, 15055, PPSTime, 7563
15,57,54,444698,app start, 0
15,57,58,489502,Starting folder 70622
15,58,00,663438,Starting Participant 2
15,58,02,033018,Starting run5
15,58,02,059126,finger tps start, 7616
15,58,03,915433,Using FingerTPS 2
15,58,10,411978,Using FingerTPS 2Finger TPS startRecording, 15968, PPSTime, 8218
16,00,53,371361,app start, 0
16,00,56,264018,Starting folder 70622
16,00,57,257949,Starting Participant 2
16,00,57,814072,Starting run6
16,00,57,815060,finger tps start, 4444
16,00,58,666998,Using FingerTPS 2
16,01,04,708607,Using FingerTPS 2Finger TPS startRecording, 11337, PPSTime, 6951
16,07,43,126055,app start, 0
16,07,47,483014,Starting folder 70622
16,07,48,427553,Starting Participant 2
16,07,49,109714,Starting run7
16,07,49,113029,finger tps start, 5987
16,07,50,003909,Using FingerTPS 2
16,07,56,493405,Using FingerTPS 2Finger TPS startRecording, 13368, PPSTime, 7377
10,38,26,072436,app start, 0
10,38,28,644412,Starting folder 80622
10,38,30,835867,Starting Participant 3
10,38,32,317028,Starting run1
10,38,32,394481,finger tps start, 6336
10,38,35,090877,Using FingerTPS 2
10,38,46,878658,Using FingerTPS 2Finger TPS startRecording, 20820, PPSTime, 13972
10,42,12,289517,app start, 0
10,42,14,819429,Starting folder 80622
10,42,19,505809,Starting Participant 3
10,42,21,406055,Starting run2
10,42,21,415528,finger tps start, 9127
10,42,23,025822,Using FingerTPS 2
10,42,29,199950,Using FingerTPS 2Finger TPS startRecording, 16911, PPSTime, 7824
11,01,25,241626,app start, 0
11,01,28,091706,Starting folder 80622
11,01,30,513442,Starting Participant 3
11,01,34,074871,Starting run3
11,01,34,080046,finger tps start, 8840
11,01,35,751955,Using FingerTPS 2
11,01,42,115061,Using FingerTPS 2Finger TPS startRecording, 16875, PPSTime, 8032
11,06,49,182204,app start, 0
11,06,51,637579,Starting folder 80622
11,06,53,079166,Starting Participant 3
11,06,53,848140,Starting run4
11,06,53,850547,finger tps start, 4669
11,06,55,288389,Using FingerTPS 2
11,07,01,671805,Using FingerTPS 2Finger TPS startRecording, 12490, PPSTime, 7810
11,12,35,043108,app start, 0
11,12,38,084098,Starting folder 80622
11,12,39,565369,Starting Participant 3
11,12,40,526986,Starting run5
11,12,40,529955,finger tps start, 5488
11,12,42,165369,Using FingerTPS 2
11,12,48,826035,Using FingerTPS 2Finger TPS startRecording, 13784, PPSTime, 8318
11,18,02,079299,app start, 0
11,18,04,649413,Starting folder 80622
11,18,06,368085,Starting Participant 3
11,18,07,490251,Starting run6
11,18,07,492970,finger tps start, 5414
11,18,09,357417,Using FingerTPS 2
11,18,15,647288,Using FingerTPS 2Finger TPS startRecording, 13569, PPSTime, 8091
11,22,57,887076,app start, 0
11,23,01,381012,Starting folder 80622
11,23,02,234085,Starting Participant 3
11,23,02,918446,Starting run7
11,23,02,921997,finger tps start, 5035
11,23,04,016481,Using FingerTPS 2
11,23,10,255668,Using FingerTPS 2Finger TPS startRecording, 12369, PPSTime, 7368
15,49,28,740226,app start, 0
15,49,33,599340,Starting folder 80622
15,49,36,283865,Starting Participant 4
15,49,38,054064,Starting run1
15,49,38,056060,finger tps start, 9317
15,49,39,773642,Using FingerTPS 2
15,49,46,013903,Using FingerTPS 2Finger TPS startRecording, 17275, PPSTime, 7997
15,55,39,418847,app start, 0
15,55,42,613504,Starting folder 80622
15,55,45,078420,Starting Participant 4
15,55,46,741807,Starting run2
15,55,46,769488,finger tps start, 7352
15,55,48,312125,Using FingerTPS 2
15,58,24,187951,app start, 0
15,58,26,617127,Starting folder 80622
15,58,28,223614,Starting Participant 4
15,58,29,192027,Starting run3
15,58,29,195320,finger tps start, 5009
15,58,30,365169,Using FingerTPS 2
15,58,36,746936,Using FingerTPS 2Finger TPS startRecording, 12560, PPSTime, 7530
16,03,09,683977,app start, 0
16,03,11,861302,Starting folder 80622
16,03,13,257607,Starting Participant 4
16,03,14,348662,Starting run4
16,03,14,350854,finger tps start, 4667
16,03,15,611253,Using FingerTPS 2
16,03,21,700918,Using FingerTPS 2Finger TPS startRecording, 12018, PPSTime, 7325
16,08,00,199513,app start, 0
16,08,04,225584,Starting folder 80622
16,08,05,681749,Starting Participant 4
16,08,07,077888,Starting run5
16,08,07,083530,finger tps start, 6885
16,08,08,669333,Using FingerTPS 2
16,08,14,807481,Using FingerTPS 2Finger TPS startRecording, 14609, PPSTime, 7765
16,13,51,150696,app start, 0
16,13,56,291560,Starting folder 80622
16,14,02,147197,Starting Participant 4
16,14,03,508656,Starting run6
16,14,03,509966,finger tps start, 12360
16,14,04,995418,Using FingerTPS 2
16,14,11,176724,Using FingerTPS 2Finger TPS startRecording, 20026, PPSTime, 7623
17,54,17,799061,app start, 0
17,54,21,096338,Starting folder 80622
17,54,24,875593,Starting Participant 5
17,54,25,665018,Starting run1
17,54,25,669121,finger tps start, 7872
17,54,26,998034,Using FingerTPS 2
17,54,33,286769,Using FingerTPS 2Finger TPS startRecording, 15489, PPSTime, 7610
18,02,35,024400,app start, 0
18,02,42,015353,Starting folder 80622
18,02,44,716079,Starting Participant 5
18,02,47,909419,Starting run2
18,02,47,911529,finger tps start, 12888
18,02,50,112809,Using FingerTPS 2
18,02,56,537035,Using FingerTPS 2Finger TPS startRecording, 21514, PPSTime, 8646
18,06,39,102717,app start, 0
18,06,42,104297,Starting folder 80622
18,06,44,624622,Starting Participant 5
18,06,46,001725,Starting run3
18,06,46,003836,finger tps start, 6902
18,06,47,169750,Using FingerTPS 2
18,06,53,310214,Using FingerTPS 2Finger TPS startRecording, 14208, PPSTime, 7331
18,14,10,854645,app start, 0
18,14,14,025627,Starting folder 80622
18,14,16,363345,Starting Participant 5
18,14,17,265662,Starting run4
18,14,17,267630,finger tps start, 6414
18,14,18,275240,Using FingerTPS 2
18,14,24,265721,Using FingerTPS 2Finger TPS startRecording, 13412, PPSTime, 7018
18,21,00,459192,app start, 0
18,21,03,059894,Starting folder 80622
18,21,05,114335,Starting Participant 5
18,21,06,005627,Starting run5
18,21,06,009209,finger tps start, 5551
18,21,07,383340,Using FingerTPS 2
18,21,13,822495,Using FingerTPS 2Finger TPS startRecording, 13364, PPSTime, 7792
18,27,50,318087,app start, 0
18,27,54,485685,Starting folder 80622
18,27,59,313858,Starting Participant 5
18,28,01,616853,Starting run6
18,28,01,618871,finger tps start, 11301
18,28,03,236545,Using FingerTPS 2
18,28,09,438683,Using FingerTPS 2Finger TPS startRecording, 19121, PPSTime, 7801
10,09,08,429043,app start, 0
10,09,10,787263,Starting folder 90622
10,09,12,895694,Starting Participant 6
10,09,13,879277,Starting run1
10,09,13,889704,finger tps start, 5463
10,09,15,992643,Using FingerTPS 2
10,09,25,565626,Using FingerTPS 2Finger TPS startRecording, 17139, PPSTime, 11286
10,18,06,841506,app start, 0
10,18,11,571844,Starting folder 90622
10,18,15,166717,Starting Participant 6
10,18,17,646091,Starting run2
10,18,17,647885,finger tps start, 10807
10,18,18,655293,Using FingerTPS 2
10,18,24,958973,Using FingerTPS 2Finger TPS startRecording, 18118, PPSTime, 7329
10,28,18,753308,app start, 0
10,28,21,113022,Starting folder 90622
10,28,22,944609,Starting Participant 6
10,28,23,614130,Starting run3
10,28,23,615541,finger tps start, 4863
10,28,24,420795,Using FingerTPS 2
10,28,30,828826,Using FingerTPS 2Finger TPS startRecording, 12076, PPSTime, 7248
10,34,45,261241,app start, 0
10,34,48,368804,Starting folder 90622
10,34,50,054674,Starting Participant 6
10,34,52,577646,Starting run4
10,34,52,579513,finger tps start, 7319
10,34,54,562250,Using FingerTPS 2
10,35,01,174543,Using FingerTPS 2Finger TPS startRecording, 15914, PPSTime, 8563
10,40,16,585070,app start, 0
10,40,19,988607,Starting folder 90622
10,40,22,467866,Starting Participant 6
10,40,24,446438,Starting run5
10,40,24,449808,finger tps start, 7865
10,40,25,947772,Using FingerTPS 2
10,40,32,458175,Using FingerTPS 2Finger TPS startRecording, 15874, PPSTime, 7957
12,04,14,641355,app start, 0
12,04,19,091506,Starting folder 90622
12,04,22,226618,Starting Participant 7
12,04,24,662087,Starting run1
12,04,24,663847,finger tps start, 10024
12,04,26,597132,Using FingerTPS 2
12,04,32,883483,Using FingerTPS 2Finger TPS startRecording, 18244, PPSTime, 8187
12,11,55,449594,app start, 0
12,12,00,645767,Starting folder 90622
12,12,03,421806,Starting Participant 7
12,12,04,445455,Starting run2
12,12,04,447330,finger tps start, 8998
12,12,05,419388,Using FingerTPS 2
12,12,11,659581,Using FingerTPS 2Finger TPS startRecording, 16210, PPSTime, 7244
12,14,37,914452,app start, 0
12,14,46,795811,Starting folder 90622
12,14,48,778460,Starting Participant 7
12,14,51,157380,Starting run3
12,14,51,159185,finger tps start, 13246
12,14,53,329581,Using FingerTPS 2
12,14,59,943493,Using FingerTPS 2Finger TPS startRecording, 22030, PPSTime, 8760
12,27,31,738501,app start, 0
12,27,36,219034,Starting folder 90622
12,27,38,851484,Starting Participant 7
12,27,40,208026,Starting run4
12,27,40,209086,finger tps start, 8472
12,27,41,324449,Using FingerTPS 2
12,27,47,380459,Using FingerTPS 2Finger TPS startRecording, 15643, PPSTime, 7145
12,39,25,823092,app start, 0
12,39,29,808654,Starting folder 90622
12,39,31,700025,Starting Participant 7
12,39,33,173515,Starting run5
12,39,33,175528,finger tps start, 7353
12,39,34,131384,Using FingerTPS 2
12,39,40,650633,Using FingerTPS 2Finger TPS startRecording, 14828, PPSTime, 7511
12,42,01,727514,app start, 0
12,42,05,523406,Starting folder 90622
12,42,08,004452,Starting Participant 7
12,42,10,486509,Starting run6
12,42,10,488469,finger tps start, 8762
12,42,11,922950,Using FingerTPS 2
12,42,18,374391,Using FingerTPS 2Finger TPS startRecording, 16648, PPSTime, 7895
12,49,14,317534,app start, 0
12,49,17,689853,Starting folder 90622
12,49,20,721731,Starting Participant 7
12,49,21,945867,Starting run7
12,49,21,947974,finger tps start, 7631
12,49,23,355942,Using FingerTPS 2
12,49,29,746354,Using FingerTPS 2Finger TPS startRecording, 15429, PPSTime, 7807
15,02,45,553570,app start, 0
15,02,50,115292,Starting folder 90622
15,02,52,286515,Starting Participant 8
15,02,53,064399,Starting run1
15,02,53,083646,finger tps start, 7531
15,02,54,110222,Using FingerTPS 2
15,03,00,801974,Using FingerTPS 2Finger TPS startRecording, 15250, PPSTime, 7704
15,09,18,843474,app start, 0
15,09,22,834363,Starting folder 90622
15,09,24,724580,Starting Participant 8
15,09,26,150215,Starting run2
15,09,26,151394,finger tps start, 7310
15,09,26,939995,Using FingerTPS 2
15,09,33,245360,Using FingerTPS 2Finger TPS startRecording, 14404, PPSTime, 7083
15,14,56,908605,app start, 0
15,14,58,974283,Starting folder 90622
15,15,02,406813,Starting Participant 8
15,15,04,049237,Starting run3
15,15,04,066143,finger tps start, 7158
15,15,05,677324,Using FingerTPS 2
15,15,11,997525,Using FingerTPS 2Finger TPS startRecording, 15090, PPSTime, 7973
15,22,49,229026,app start, 0
15,22,52,212325,Starting folder 90622
15,22,56,721772,Starting Participant 8
15,22,57,418643,Starting run4
15,22,57,420941,finger tps start, 8193
15,22,58,257042,Using FingerTPS 2
15,23,04,683398,Using FingerTPS 2Finger TPS startRecording, 15455, PPSTime, 7228
15,28,13,490086,app start, 0
15,28,15,905379,Starting folder 90522
15,28,23,583936,Starting Participant 8
15,28,24,855130,Starting run5
15,28,24,857309,finger tps start, 11368
15,28,25,891706,Using FingerTPS 2
15,28,32,005305,Using FingerTPS 2Finger TPS startRecording, 18516, PPSTime, 7163
15,30,23,082691,app start, 0
15,30,25,755468,Starting folder 90622
15,30,27,227430,Starting Participant 8
15,30,30,089115,Starting run6
15,30,30,096358,finger tps start, 7014
15,30,31,362150,Using FingerTPS 2
15,30,37,942874,Using FingerTPS 2Finger TPS startRecording, 14861, PPSTime, 7812
17,01,44,546606,app start, 0
17,01,46,984756,Starting folder 90622
17,01,49,617511,Starting Participant 9
17,01,51,084670,Starting run1
17,01,51,088861,finger tps start, 6545
17,01,53,006203,Using FingerTPS 2
17,01,59,479468,Using FingerTPS 2Finger TPS startRecording, 14935, PPSTime, 8321
17,05,25,493756,app start, 0
17,05,28,687142,Starting folder 90622
17,05,32,076439,Starting Participant 9
17,05,33,093386,Starting run2
17,05,33,096044,finger tps start, 7603
17,05,35,504451,Using FingerTPS 2
17,05,42,041648,Using FingerTPS 2Finger TPS startRecording, 16549, PPSTime, 8884
17,15,02,508558,app start, 0
17,15,04,521510,Starting folder 90622
17,15,06,482754,Starting Participant 9
17,15,09,149230,Starting run3
17,15,09,150547,finger tps start, 6643
17,15,10,505720,Using FingerTPS 2
17,15,16,707506,Using FingerTPS 2Finger TPS startRecording, 14200, PPSTime, 7431
17,30,24,450945,app start, 0
17,30,26,251164,Starting folder 90622
17,30,27,447307,Starting Participant 9
17,30,28,300625,Starting run4
17,30,28,301905,finger tps start, 3852
17,30,29,456783,Using FingerTPS 2
17,30,36,073913,Using FingerTPS 2Finger TPS startRecording, 11624, PPSTime, 7764
17,48,14,720701,app start, 0
17,48,16,531340,Starting folder 90622
17,48,18,508197,Starting Participant 9
17,48,19,899642,Starting run5
17,48,19,917125,finger tps start, 5198
17,48,22,471401,Using FingerTPS 2
17,48,29,141862,Using FingerTPS 2Finger TPS startRecording, 14423, PPSTime, 8933
18,05,30,220179,app start, 0
18,05,32,509395,Starting folder 90622
18,05,33,302042,Starting Participant 9
18,05,34,125810,Starting run6
18,05,34,128194,finger tps start, 3909
18,05,34,838193,Using FingerTPS 2
18,11,43,388120,app start, 0
18,11,45,540703,Starting folder 90622
18,11,46,851515,Starting Participant 9
18,11,47,728668,Starting run7
18,11,47,758273,finger tps start, 4371
18,11,48,959523,Using FingerTPS 2
18,11,55,464307,Using FingerTPS 2Finger TPS startRecording, 12077, PPSTime, 7606
10,18,54,124422,app start, 0
10,19,00,380318,Starting folder 100622
10,19,01,539681,Starting Participant 10
10,19,02,706441,Starting run1
10,19,02,731922,finger tps start, 8609
10,19,04,454112,Using FingerTPS 2
10,19,17,188476,Using FingerTPS 2Finger TPS startRecording, 23066, PPSTime, 14105
10,24,40,339087,app start, 0
10,24,42,444707,Starting folder 100622
10,24,43,572328,Starting Participant 10
10,24,44,372685,Starting run2
10,24,44,380395,finger tps start, 4044
10,24,45,495893,Using FingerTPS 2
10,24,52,560948,Using FingerTPS 2Finger TPS startRecording, 12224, PPSTime, 8174
10,26,54,080310,app start, 0
10,26,57,792263,Starting folder 100622
10,26,59,901897,Starting Participant 10
10,27,00,767833,Starting run2
10,27,00,790171,finger tps start, 6711
10,27,03,676976,Using FingerTPS 2
10,27,10,094838,Using FingerTPS 2Finger TPS startRecording, 16016, PPSTime, 9128
10,31,36,686336,app start, 0
10,31,39,380423,Starting folder 100622
10,31,41,487052,Starting Participant 10
10,31,43,159771,Starting run3
10,31,43,162248,finger tps start, 6477
10,31,45,786767,Using FingerTPS 2
10,31,52,448303,Using FingerTPS 2Finger TPS startRecording, 15763, PPSTime, 9148
10,35,29,022486,app start, 0
10,35,31,963980,Starting folder 100622
10,35,34,176985,Starting Participant 10
10,35,35,185162,Starting run4
10,35,35,233472,finger tps start, 6212
10,35,37,078727,Using FingerTPS 2
10,35,43,526378,Using FingerTPS 2Finger TPS startRecording, 14505, PPSTime, 7989
10,39,37,792179,app start, 0
10,39,40,966348,Starting folder 100622
10,39,43,097051,Starting Participant 10
10,39,45,186656,Starting run5
10,39,45,192503,finger tps start, 7401
10,39,47,186456,Using FingerTPS 2
10,39,53,637518,Using FingerTPS 2Finger TPS startRecording, 15846, PPSTime, 8471
10,44,15,935848,app start, 0
10,44,18,762925,Starting folder 100622
10,44,20,952546,Starting Participant 10
10,44,22,234839,Starting run6
10,44,22,246760,finger tps start, 6312
10,44,23,152741,Using FingerTPS 2
10,44,29,612709,Using FingerTPS 2Finger TPS startRecording, 13678, PPSTime, 7402
11,23,25,105437,app start, 0
11,23,29,079175,Starting folder 100622
11,23,32,016178,Starting Participant 11
11,23,33,490823,Starting run1
11,23,33,493478,finger tps start, 8390
11,23,34,973140,Using FingerTPS 2
11,23,41,572624,Using FingerTPS 2Finger TPS startRecording, 16469, PPSTime, 8003
11,29,54,350414,app start, 0
11,29,57,089390,Starting folder 100622
11,30,00,737740,Starting Participant 11
11,30,05,086090,Starting run2
11,30,05,098056,finger tps start, 10749
11,30,06,739367,Using FingerTPS 2
11,30,13,101088,Using FingerTPS 2Finger TPS startRecording, 18752, PPSTime, 8010
11,36,44,812694,app start, 0
11,36,49,828208,Starting folder 100622
11,36,52,968962,Starting Participant 11
11,36,55,492330,Starting run3
11,36,55,495413,finger tps start, 10684
11,36,57,175192,Using FingerTPS 2
11,37,03,407070,Using FingerTPS 2Finger TPS startRecording, 18595, PPSTime, 7912
11,42,16,533064,app start, 0
11,42,19,275514,Starting folder 100622
11,42,22,742995,Starting Participant 11
11,42,24,633830,Starting run4
11,42,24,636077,finger tps start, 8104
11,42,26,039604,Using FingerTPS 2
11,42,31,956729,Using FingerTPS 2Finger TPS startRecording, 15424, PPSTime, 7333
11,47,34,261690,app start, 0
11,47,37,396028,Starting folder 100622
11,47,39,772847,Starting Participant 11
11,47,41,249409,Starting run5
11,47,41,255667,finger tps start, 6995
11,47,42,895733,Using FingerTPS 2
11,47,49,177497,Using FingerTPS 2Finger TPS startRecording, 14914, PPSTime, 7863
13,32,57,308421,app start, 0
13,33,00,266618,Starting folder 100622
13,33,02,662135,Starting Participant 12
13,33,03,611203,Starting run1
13,33,03,611868,finger tps start, 6305
13,33,04,413379,Using FingerTPS 2
13,33,11,142162,Using FingerTPS 2Finger TPS startRecording, 13835, PPSTime, 7486
13,42,38,708208,app start, 0
13,42,41,342484,Starting folder 100622
13,42,43,712645,Starting Participant 12
13,42,45,635492,Starting run2
13,42,45,637464,finger tps start, 6930
13,42,46,711875,Using FingerTPS 2
13,42,53,260934,Using FingerTPS 2Finger TPS startRecording, 14553, PPSTime, 7626
13,48,58,395647,app start, 0
13,49,01,649942,Starting folder 100622
13,49,02,965633,Starting Participant 12
13,49,03,875456,Starting run3
13,49,03,881570,finger tps start, 5487
13,49,05,165426,Using FingerTPS 2
13,49,11,397687,Using FingerTPS 2Finger TPS startRecording, 13003, PPSTime, 7515
16,43,29,787055,app start, 0
16,43,36,837953,Starting folder 151122
16,43,38,847654,Starting Participant 1
16,43,39,685632,Starting run1
16,43,39,686836,finger tps start, 9901
16,43,46,449535,Using FingerTPS 2
16,43,56,342333,Using FingerTPS 2Finger TPS startRecording, 26556, PPSTime, 16544
16,48,25,080063,app start, 0
16,48,36,765906,Starting folder 0
16,48,36,767798,Starting Participant 0
16,48,36,772072,Starting run0
16,48,36,772818,finger tps start, 11693
16,48,36,788255,Using FingerTPS Ì
16,50,15,107650,app start, 0
16,50,27,880334,Starting folder 151122
16,50,29,679387,Starting Participant 1
16,50,30,113263,Starting run3
16,50,30,114871,finger tps start, 15008
16,50,31,381722,Using FingerTPS 2
16,50,37,810480,Using FingerTPS 2Finger TPS startRecording, 22703, PPSTime, 7687
17,00,00,869888,app start, 0
17,00,05,441216,Starting folder 151122
17,00,06,262641,Starting Participant 1
17,00,07,083919,Starting run4
17,00,07,084997,finger tps start, 6216
17,00,07,935584,Using FingerTPS 2
17,00,13,977264,Using FingerTPS 2Finger TPS startRecording, 13108, PPSTime, 6932
17,19,45,594170,app start, 0
17,19,52,837582,Starting folder 151122
17,19,54,791057,Starting Participant 7
17,19,55,455625,Starting run1
17,19,55,456667,finger tps start, 9863
17,19,56,851117,Using FingerTPS 2
17,20,03,030370,Using FingerTPS 2Finger TPS startRecording, 17437, PPSTime, 7570
17,25,52,855312,app start, 0
17,25,56,406023,Starting folder 151122
17,25,58,326302,Starting Participant 1
17,25,59,566334,Starting run1
17,25,59,567631,finger tps start, 6713
17,26,02,029428,Using FingerTPS 2
17,26,08,301107,Using FingerTPS 2Finger TPS startRecording, 15447, PPSTime, 8757
17,30,41,425759,app start, 0
17,30,43,729691,Starting folder 151122
17,30,44,719580,Starting Participant 2
17,30,45,367026,Starting run1
17,30,45,368182,finger tps start, 3943
17,30,46,561342,Using FingerTPS 2
17,30,52,740598,Using FingerTPS 2Finger TPS startRecording, 11315, PPSTime, 7342
14,51,26,668631,app start, 0
14,51,34,012107,Starting folder 1
14,51,36,193582,Starting Participant 1
14,51,37,198519,Starting run1
14,51,37,199094,finger tps start, 10534
14,51,40,590518,Using FingerTPS 2
14,51,47,460334,Using FingerTPS 2Finger TPS startRecording, 20795, PPSTime, 10324
